,acc_x,acc_y,acc_z,gyro_x,gyro_y,gyro_z,magnet_x,magnet_y,magnet_z
1970-01-01 00:00:05.024455917,-6.066008746538461,-16.62347937378077,1.3299036817615386,-0.36226051699958334,-0.1078723807275,0.34989254237624995,8.559399366791666,41.424636523333334,-16.600540081666665
1970-01-01 00:00:05.274455917,-1.6258843407619232,-1.5569987429884617,0.09141950754230767,1.1759898741304347,0.8309351354404348,-0.29602609256995654,7.813116301739128,33.828146063913046,-23.771527250000002
1970-01-01 00:00:05.524455917,-9.387261090320001,-16.0104660640976,3.453660076932,0.5272347657295834,0.2489941166908333,0.2410788082916667,14.03135792375,25.260942220833332,-30.49546209875
1970-01-01 00:00:05.774455917,-0.8345779477938463,-2.0175966938519228,0.8921390181130768,-1.222545118421739,-1.153642788426522,-0.37856851000444786,6.536347451478263,29.811331955652175,-28.680550533043476
1970-01-01 00:00:06.024455917,-5.555020275664001,-17.054275451799995,0.916448236272,-0.6564327635752175,0.054798191994782613,0.2582999719978261,4.936937311434783,36.246736775652174,-20.833801269130436
1970-01-01 00:00:06.274455917,-1.0647070841230768,-2.887961759995,0.3774343520146154,0.9245217480166668,0.10517582142416666,-0.21942170563008334,4.0658878285833335,36.027081172083335,-21.41919652708333
1970-01-01 00:00:06.524455917,-7.074959545999999,-13.8684444209,2.9766500244399996,0.7612913942400001,0.6875380133321739,0.48046678461782616,8.426022094608692,27.983346606956523,-30.125521534347833
1970-01-01 00:00:06.774455917,-2.5748475004999998,-4.911937496502384,1.0565260197953845,-1.1049042045833335,-1.1582157401445834,-0.36911754192624996,13.412185708333332,27.830440122916666,-29.521519183333336
1970-01-01 00:00:07.024455917,-5.50576416633846,-14.548079804746154,1.2828668797976925,-0.6308418755826086,0.14035453730565214,0.436936141326087,12.417095226521742,31.549632693913043,-26.15684592173913
1970-01-01 00:00:07.274455917,-1.2538945129448,-4.3820295227784,0.44106679686,0.9725425653833334,0.021149483195833322,-0.297531079533125,12.754381536666665,30.09254940375,-27.573639234166667
1970-01-01 00:00:07.524455917,-7.206671342096152,-11.677931002271539,3.0318874652769234,0.891377557578261,0.6812674590373914,0.3951186205169564,15.733138084347823,20.204131002608698,-34.07093553956522
1970-01-01 00:00:07.774455917,-2.9963310977236004,-5.9772083315076,1.7548966734799998,-1.0792494597173914,-1.1005482744743476,-0.5260816678326087,13.873828266565214,27.296107664782614,-26.928564319999992
1970-01-01 00:00:08.024455917,-5.378315734692308,-11.481608487942308,1.9468802876423075,-0.6239048454629167,0.17886715570708336,0.7152305624362499,12.432454347166667,34.734854221666666,-16.394239425
1970-01-01 00:00:08.274455917,-2.849877495288462,-7.502582913896154,0.5329839619024616,0.551605189912174,-0.07411103769260871,-0.45614513558813036,12.396420021739132,34.574384109130435,-16.918184197826086
1970-01-01 00:00:08.524455917,-5.56104375026,-8.453550750988,2.2907703186588,1.1532007991158333,0.9382620065467501,0.21653370870250008,11.648915569166666,30.100547869166665,-24.263508876666666
1970-01-01 00:00:08.774455917,-5.067492863530769,-10.474508531823078,2.586108697794615,-0.8716864793086955,-1.0998237093173915,-0.5045152752056521,13.312721666565217,28.089288213478262,-25.68465265956522
1970-01-01 00:00:09.024455917,-1.9816032348568,-5.769158972212,0.8759065429442,-0.9903231172334783,-0.427146406773913,0.2978048335895652,8.74639594047826,34.38330907521738,-18.524022309130434
1970-01-01 00:00:09.274455917,-5.530468562188462,-13.512878669953846,1.2443508207246157,0.45928787782916675,0.22236577891749998,-0.11613127698779165,9.433844566625,34.991670290416664,-15.966463407083333
1970-01-01 00:00:09.524455917,-2.552330862360385,-4.349741204891923,1.8134961231734616,1.312037867061739,0.6039967054313042,0.09295494011652174,10.07507100321739,30.15183448869564,-23.355650859999997
1970-01-01 00:00:09.774455917,-8.626177770812001,-13.72972488998,3.7999260132,-0.7226035906158333,-0.7566005401416667,-0.21833213870791668,12.92952611004167,26.337426820833333,-26.41022109875
1970-01-01 00:00:10.024455917,-0.9386922102457693,-2.62502200775,1.2960625164392308,-0.611465099426087,-0.024441062706086945,0.41222681032521746,6.678904077347826,33.08068457913044,-20.985650353913048
1970-01-01 00:00:10.274455917,-7.629442492986,-16.994717303284002,2.5961951842324,0.10527694149217391,0.01203965619130433,-0.20887286021391302,10.66005039226087,33.58069030086956,-18.503692958695652
1970-01-01 00:00:10.524455917,-0.33643691428461536,-1.0106694560480767,1.4007985629157693,1.0393180686041668,0.051313154717083344,-0.07119237514041667,6.780735413166667,31.556067387083335,-23.105380217500002
1970-01-01 00:00:10.774455917,-8.962497006649961,-15.674850135119232,3.180839256817692,-0.5567259269434782,-0.48051641489565217,-0.20148503975347826,8.502715277043478,27.919996094782608,-26.615962318260873
1970-01-01 00:00:11.024455917,-0.4066204283772,-1.565797906528,1.2168255981932001,-1.0483567367333333,-0.3415030519854167,0.6983152864000001,4.812485575625,34.437461694166664,-18.529316108333333
1970-01-01 00:00:11.274455917,-7.19214002195,-15.858293662665002,1.3023667145542308,0.6863404878830436,0.7495371215139129,-0.1360217783642174,9.880855104086958,34.506284297826085,-16.575714899130435
1970-01-01 00:00:11.524455917,-1.5272261169996,-2.9685009700841998,1.21810693358092,0.5423265896852173,-0.2895503381603478,-0.2580274542107826,7.6043728331739135,32.582484120434785,-21.06107147826087
1970-01-01 00:00:11.774455917,-7.643629989842307,-14.972274610118461,3.1774712606269233,-0.5172739253,-0.8281017755579168,-0.07260288244083334,5.808973054041666,31.05584160416667,-23.726628463333338
1970-01-01 00:00:12.024455917,-1.2445350529328845,-2.9220217013303844,1.1374673168676923,-0.5829222364521737,0.5422517777408694,0.5776327331521738,2.987917091447826,35.608557992608695,-16.765462419130433
1970-01-01 00:00:12.274455917,-5.767260918896,-15.330352367130399,0.9639714111521599,0.634379897275,0.8846421970445834,-0.24101841527166665,9.482973576541667,34.72919813791666,-16.394188682083335
1970-01-01 00:00:12.524455917,-2.4254984577311536,-4.360674238765768,0.19406566914730766,0.7739445001565216,0.971297161129565,0.001717127106826107,11.902832944652177,32.026048079565214,-20.067433066956518
1970-01-01 00:00:12.774455917,-7.504464385604,-14.029850775076,2.137662707588,-0.10963778037000002,-0.7528962314365218,-0.27992606956304344,13.27662517695652,30.644879548695652,-22.66739480434783
1970-01-01 00:00:13.024455917,-1.1394017556473077,-3.9497556716807694,0.3504731105653845,-0.8323239733616666,-0.501556975935,0.4730998172166667,10.230552791500001,32.94982933875,-20.58717473333333
1970-01-01 00:00:13.274455917,-6.629483149088461,-14.132935409434614,0.7927226785842306,0.15604740897695651,0.01344177517608699,-0.36803695967739136,9.926869413478261,34.72840184608696,-17.648524242173913
1970-01-01 00:00:13.524455917,-2.763253783936,-3.5492273435268005,1.0336964172612,0.7570170037781668,0.41340375350625,0.5613209270041667,12.5052811305,30.738090118333332,-22.420535883333333
1970-01-01 00:00:13.774455917,-7.644332374896154,-12.647430302976923,2.4686260809465383,-0.26665466068608695,-0.33651861065217387,-0.4968426780243477,12.89404985121739,28.903472900869563,-24.76602678782609
1970-01-01 00:00:14.024455917,-2.507262121448,-5.010644311545961,0.2440405151468,-0.8132088801365218,-0.24267834035739125,0.2348813291721739,8.612682549782608,33.84071242260869,-19.805790444782605
1970-01-01 00:00:14.274455917,-6.181240275440386,-13.412466324488078,0.9946700345188462,0.5217697453504168,0.15381474492083333,-0.11192583845916666,10.527781327375001,34.1717713675,-18.35891811291667
1970-01-01 00:00:14.524455917,-2.622880307884615,-4.363362878484615,1.6311695039884617,1.0981482902043478,0.1968769088953478,0.33084488550456514,11.531688772608694,28.782036656521743,-25.412714003043472
1970-01-01 00:00:14.774455917,-10.14284784004,-12.964234735640002,3.1456545775283997,-0.7228696492583332,-0.627652636425,-0.41167199340791666,14.495236556375,25.026328562916664,-27.788201491249996
1970-01-01 00:00:15.024455917,-0.2304630573846154,-2.5624866661589234,1.4351175807134615,-0.9910593512391302,-0.15696917265652174,0.2884571321379131,11.709617282608692,29.577764594782607,-23.99610602434783
1970-01-01 00:00:15.274455917,-5.608165759116,-15.874099639312,0.5383165648599999,0.17255272651086956,-0.20619601725478265,-0.6554248352443478,9.92085736773913,31.93269688130435,-21.778193597391304
1970-01-01 00:00:15.524455917,-2.6480222555192308,-3.226626733728077,1.3945116366203842,1.333533973775,0.9606732329083334,0.6599899271024999,10.357437292541666,30.013611394999998,-24.879645665833333
1970-01-01 00:00:15.774455917,-9.510110163399998,-13.78862256546923,3.625161437792308,-0.4452250716021739,-0.39904943068695653,-0.3406928992634783,16.480829446086954,25.86052397043478,-26.85171085869565
1970-01-01 00:00:16.024455917,-0.7390671019928,-1.723228527928,1.200605328332,-1.1440993634041667,-0.6167346708975,0.50063242377875,10.984443743666667,30.769688049583333,-23.554147005833332
1970-01-01 00:00:16.274455917,-7.558531951653847,-16.207551991815386,1.5745986821423077,0.5901681163404348,0.6754502317391303,-0.5584634044230434,13.254401580000003,31.677822775217397,-21.28205307608696
1970-01-01 00:00:16.524455917,-1.59878930058,-1.727773077428,1.1317185790888002,1.1038751084434781,0.2411559103117392,0.3117853801104348,13.731133293478258,27.713233533043482,-25.807952964782608
1970-01-01 00:00:16.774455917,-9.516408603380771,-14.61968282801923,3.2522925919346153,-0.5957519921375,-0.6574714038070834,-0.2382803698620833,14.966712474208334,23.495060762916665,-29.090611935416664
1970-01-01 00:00:17.024455917,0.10432106321199999,-2.662710864236,1.5119758302496,-1.1256465017773916,-0.531591343173913,0.6743157353922609,8.428570291913042,31.87917551826087,-22.995672226086956
1970-01-01 00:00:17.274455917,-7.036584653826923,-14.791963031288462,0.8750284460269229,0.7575455045591667,0.5173256031619166,-0.24025773171875,12.333425800833334,31.808509985,-21.551772752916666
1970-01-01 00:00:17.524455917,-2.3782659090753846,-4.077497723457692,1.5556688162368848,1.1550568138404347,0.06470021910395654,0.050338591393043475,11.711560786956522,28.12179325,-27.13408959391304
1970-01-01 00:00:17.774455917,-9.55122412716786,-12.677479047440002,5.1171268799472,-0.7410640437769566,-0.9434313177339131,-0.20633720589862167,11.68634000052174,24.768188890869563,-30.265416020869566
1970-01-01 00:00:18.024455917,-1.1280714709942308,-4.053990836604615,0.9973759462180769,-1.2401303378833333,-0.5268905047962501,0.6677152159970833,3.6714606284166664,33.94483049666667,-22.302369197916665
1970-01-01 00:00:18.274455917,-6.792365203312,-14.547863562313598,1.5692706847199998,0.6953924849547826,0.6822993235826086,-0.5241285908113045,7.080496788086957,35.93669708913043,-18.34517860478261
1970-01-01 00:00:18.524455917,-1.8417988057953845,-3.2509684226503848,1.6614238973884616,1.2236159219941667,0.40844747098625,0.1358804023075,6.4322170615,30.484780311666665,-26.357346694583338
1970-01-01 00:00:18.774455917,-8.595713583026923,-12.637988399199617,3.4797100595580774,-0.8616670789086954,-0.4617524029086956,-0.30740443137869555,9.262614167434782,27.315515020869565,-28.940828986956515
1970-01-01 00:00:19.024455917,-1.263959582528,-4.0531035278320395,1.531381475888,-0.8981611223073912,-0.3586917764745217,0.7353387397817784,4.069069199043478,35.001951632608694,-20.67011700521739
1970-01-01 00:00:19.274455917,-5.593942336980769,-13.648669368649998,0.5204907108826156,0.4306829091,0.4394382900641666,-0.5935080846965833,7.103564739208333,36.145662466666664,-17.945326965416665
1970-01-01 00:00:19.524455917,-3.506721734284,-5.557642822251999,1.6777291442592,1.5813091164660869,0.9571845849739131,0.16713256874652171,6.489030983391303,30.26728787652174,-26.399288508260867
1970-01-01 00:00:19.774455917,-7.674137702823078,-11.001361013657695,3.2186356588303844,-1.13488955339,-1.3166005343958334,-0.22101521852458328,10.726501961458334,26.995701073333333,-28.254464625416663
1970-01-01 00:00:20.024455917,-2.739885071601923,-7.43409456728077,0.9840075916992307,-0.8507550329847824,-0.5462585666982609,0.6355408655678261,4.8455989568260875,34.37345571130435,-20.43650137826087
1970-01-01 00:00:20.274455917,-5.2861913084612,-10.8459357602948,1.7555433289023998,0.7364182277913044,0.6189969074599999,-0.5316648882017391,6.580681344869564,34.62709144913043,-19.60839976521739
1970-01-01 00:00:20.524455917,-4.9149658144,-6.149540810058462,1.9407718364736921,1.2799603988583332,0.9109922616562499,0.17458502050833336,6.7567445037916665,28.455789883333335,-27.508062601250003
1970-01-01 00:00:20.774455917,-6.558054455924,-9.677681158712,3.658188757404,-1.2235225841217392,-1.3033872307782608,-0.04502838695565218,10.296594619478261,26.167500537391305,-28.544235892608693
1970-01-01 00:00:21.024455917,-3.3502350735461537,-7.561301193195769,1.626195232636538,-0.6610503125441666,-0.1523417835229167,0.6292200205558333,5.489736427833333,33.81651314041667,-21.211020071666667
1970-01-01 00:00:21.274455917,-5.912554779343999,-10.712682861316,2.1699775084728,0.6954962975947826,0.5909058249173913,-0.7516485590214259,6.670750379652175,34.11752534869565,-20.398322892608693
1970-01-01 00:00:21.524455917,-4.37802085875,-5.528090813948461,1.526847980234615,0.9609669019478261,0.4472520359930435,0.0130895773556522,6.874777026869566,29.27114295913044,-26.849467401739133
1970-01-01 00:00:21.774455917,-6.9912635156076925,-11.12542417633077,3.6841157649769234,-0.9121576498041666,-0.6738643497375,-0.01676576823458333,8.583804428708333,27.56561048791666,-27.999976395833333
1970-01-01 00:00:22.024455917,-2.6862419310399996,-6.391426959396,1.086979614516,-0.8272550870695652,-0.20006162185260873,0.3855693189391304,4.976522995,34.32795035260869,-20.40659299130435
1970-01-01 00:00:22.274455917,-5.3882124623134615,-11.091899660446153,1.5300662876980768,0.5687287940875,0.6402794743525,-0.3798606599191667,8.163370351041666,33.99403524458333,-19.521367072083333
1970-01-01 00:00:22.524455917,-4.5578538943960005,-5.338019531052001,1.3674064636672,1.2507317480695652,0.39837620180869554,0.8034544869786958,12.429003777869568,26.87907608608695,-26.486973223478266
1970-01-01 00:00:22.774455917,-8.482312863696153,-10.717798762141923,4.105950094615769,-0.9490944383586958,-1.0349056947360868,-0.5282187060217391,11.943961786652178,24.273513793478262,-29.162594421739126
1970-01-01 00:00:23.024455917,-2.711766621403846,-5.2286385289415005,1.3256375535226927,-0.9289028086083334,-0.22548190472833332,0.6484435722329166,6.947207371416667,32.201868535,-22.498864412916664
1970-01-01 00:00:23.274455917,-6.8578869503919995,-12.492888903072,2.1536913758891996,0.7661354023434782,0.5733154131552175,-0.4606108233682608,9.106061935434782,33.062654081739126,-20.626433498260866
1970-01-01 00:00:23.524455917,-4.908644344574615,-5.941577118631538,0.17866500260576926,0.6078307616333333,0.6358793747575001,-0.08450174879083337,10.817219496,28.022617817500002,-26.385581652916667
1970-01-01 00:00:23.774455917,-6.0347307130204,-10.4641337222968,2.430950811908,-0.5557092700473912,-0.1976597724130869,-0.6846894576913044,9.547890269565217,28.343495410869565,-26.476750746956526
1970-01-01 00:00:24.024455917,-4.502913067034616,-6.516301205061539,0.2419257590161539,-0.8670854034670833,-0.2557838314025,0.5241227634533333,10.933898289791665,32.467753092083335,-20.365765730833335
1970-01-01 00:00:24.274455917,-3.9355122143961543,-10.399733258911539,0.7966203426142309,0.5419283865608695,-0.14449678016826084,-0.44778300759130435,10.339116262956521,33.54451602391305,-19.30684985173913
1970-01-01 00:00:24.524455917,-5.106181640568,-8.9715156372064,1.4169953429320001,0.5137384669695652,0.6775452238933478,-0.09984707848739133,8.868866132608696,33.44885569,-21.101519792173914
1970-01-01 00:00:24.774455917,-3.5973135788211534,-8.775236417373078,1.6899856567461538,-0.4578762276229167,-1.1210254667166668,-0.6487702790575,5.463710387308335,34.267236869166666,-20.623216152083334
1970-01-01 00:00:25.024455917,-2.745297125368,-10.488419219916,0.6772217102200001,-0.430361877647826,0.42515820282130434,0.09964314037826086,-1.457330993916522,35.92873365999999,-18.158544167826086
1970-01-01 00:00:25.274455917,-1.4490156026961538,-10.494094725753845,0.8969636006923076,0.52074193117625,0.21456704657708328,-0.30527745617933333,-0.4283156443833333,34.46214453375,-20.4309256875
1970-01-01 00:00:25.524455917,-3.6297778378800003,-7.3387769342752005,1.2342912781252,0.7787511838739131,0.5915573255826088,0.399651829973913,3.1858958679386955,29.123187686956513,-27.227501579130436
1970-01-01 00:00:25.774455917,-4.109381420203847,-11.89008022046923,2.402745772207693,-0.7394216164000001,-1.3303641767521739,-0.11412344997826086,2.904111095134782,28.3581008073913,-27.98030712304348
1970-01-01 00:00:26.024455917,-1.7295322653230767,-8.98279134319,1.6931521488999999,-1.0615966989064167,-0.5754434317291667,0.5112846552394167,-3.128412783208334,35.286545436666664,-18.558402498333333
1970-01-01 00:00:26.274455917,-2.4071742554039997,-10.418424774149601,0.12512779540119998,0.9860239754608697,1.0754005974782606,-0.20991325313304354,0.8134964613391304,35.466594199130434,-18.538996986521738
1970-01-01 00:00:26.524455917,-4.1517893864384625,-9.497588124522307,1.3636757600746157,0.6702599916416667,0.5006281309416667,0.3232774324416667,2.978056480458333,30.457296849166667,-25.80339034416667
1970-01-01 00:00:26.774455917,-4.32132775256,-8.392603491356802,2.5704966247424,-0.42856353909565215,-1.3160336910626087,-0.2847256130321739,0.2503470855956521,30.594559545652174,-25.43614254869565
1970-01-01 00:00:27.024455917,-3.371369969003846,-10.482839284961539,2.170256160219231,-0.4456433057913044,0.09733993284869565,0.40670162241521746,-1.5591990870894652,33.917749155652174,-21.291495115652175
1970-01-01 00:00:27.274455917,-1.7558659654423077,-9.085149641726924,1.4674848879683464,0.40669184690120835,0.2980624863695833,-0.1993344015995833,0.5797344010729166,33.270300229166665,-22.397867679166666
1970-01-01 00:00:27.524455917,-5.701044616616,-9.623164526552,1.8055094236719997,0.5440109676995651,-0.3662174105947826,0.16714838046260877,-0.1396960823847826,31.0977891,-25.345144685652173
1970-01-01 00:00:27.774455917,-2.781872758161538,-9.353420615246154,2.356635888849615,-1.079163955775,-1.0559281669166667,0.07669211567458332,-3.16469695104,32.10046935041667,-23.386730114583333
1970-01-01 00:00:28.024455917,-3.3790851565207998,-9.640223053384,1.6535693847779998,-0.56881535896,0.18031307372695654,0.46079504002669575,-2.695099903217391,37.378407521739135,-14.095371080434782
1970-01-01 00:00:28.274455917,-3.6600389099938466,-8.737198210257691,0.05106112552730768,0.9996922262521737,0.9671195758565218,-0.1588942382704348,1.1395836472043477,36.21462067217392,-17.065987420434784
1970-01-01 00:00:28.524455917,-6.394402771696154,-10.576060814561536,3.1665554984569226,1.2058159361833332,0.1857439132583333,0.17313483735208332,2.3522185559625,29.746152241666664,-26.51283756875
1970-01-01 00:00:28.774455917,-3.15531249411632,-6.5167164181991994,2.6159600829959997,-1.3187523509782608,-1.46984667686,-0.3565976013878262,-2.0257721938347824,30.313818642173917,-25.430202402173915
1970-01-01 00:00:29.024455917,-4.923860779015385,-10.668004232608078,2.5242239260846158,-0.3906238198591667,0.514012021325,0.9682685627329167,-1.3287023354750003,35.72115707375,-17.87939365625
1970-01-01 00:00:29.274455917,-3.3854259706859207,-8.2449205993176,1.1393646789448002,0.5342254225673913,0.09300467218382608,-0.6891266910782609,1.7252108480913042,35.386080866956526,-18.736035223043476
1970-01-01 00:00:29.524455917,-6.697695148692306,-8.585275673437462,2.050228834742308,0.7704401093478263,0.17481349037521737,0.4123931443086956,0.0355992524517391,31.511427174347833,-24.721850353478263
1970-01-01 00:00:29.774455917,-3.86283833986923,-8.300302893315386,2.324757948688077,-1.0616299498583335,-1.06402479065375,-0.42766160771125,4.993402610291667,29.835852861666666,-25.45483915041667
1970-01-01 00:00:30.024455917,-4.036925171156,-9.6370975527476,2.0196780576704,-0.2723415856478261,0.35980590127260864,0.7031150446808695,7.289580438608696,34.360614776521736,-17.386093554347827
1970-01-01 00:00:30.274455917,-3.86847469635,-9.520651703253845,1.28103031455,0.5745556395208334,0.268146734,-0.5575295928747916,10.272969027791666,33.61073986583333,-17.190586210000003
1970-01-01 00:00:30.524455917,-6.631509704484,-7.496219531864,2.4901796447599995,1.2739552696126086,0.3528850628869565,0.24630301447956526,4.833175482869566,30.89891309347825,-24.108896670434785
1970-01-01 00:00:30.774455917,-4.177259497700001,-9.24743524435,3.8074535135388463,-1.4762385604000001,-1.6860008751913045,-0.30410771231608696,2.7091767994826093,30.88259655565217,-23.852644381304348
1970-01-01 00:00:31.024455917,-3.13045219118252,-9.012398620779999,1.8308846556887601,-0.46893221295625004,0.8570329795616667,0.6124485016791666,2.0169123324970832,36.56834872541667,-14.898635982083334
1970-01-01 00:00:31.274455917,-4.312606887909885,-9.558966257686922,0.3288200613253846,0.7670840012086957,0.5933833290695653,-0.3025514084695652,5.895737046695652,36.20488042434783,-15.017057584347828
1970-01-01 00:00:31.524455917,-6.8396864144230785,-8.441229065982615,2.7994496684307686,1.0688141615541669,0.22635585494833332,0.54870127356,6.910967846916667,31.25809693333333,-23.107128381666666
1970-01-01 00:00:31.774455917,-4.0880648251608,-7.636406011721599,2.60157200308904,-1.4089861181717394,-1.555331376604348,-0.28454574904478264,6.0112599598869565,31.454807281739132,-22.812073500434785
1970-01-01 00:00:32.024455917,-5.238362538192307,-9.912744035275384,1.6257807099430768,-0.488479204067826,0.4863387728695653,0.7735722668704349,4.543517120408696,36.866009090000006,-13.629036032608697
1970-01-01 00:00:32.274455917,-4.617849133164001,-8.7876978885368,0.68906508169,0.6958832045375001,0.6784280955991667,-0.5819813082691666,8.344058792208333,35.94509410916667,-14.485711177916665
1970-01-01 00:00:32.524455917,-5.5331572020076925,-7.253138174945385,1.8761523671599998,1.1911555269478262,-0.07369386500434787,0.022823317215217426,6.345286659521738,32.52371522652174,-21.579376054782607
1970-01-01 00:00:32.774455917,-5.599429004423078,-9.33463468066923,2.9648441902115388,-1.34508241356375,-1.2118891719916667,-0.42037327448791667,4.050306796820833,32.1782812275,-22.071803569583334
1970-01-01 00:00:33.024455917,-2.9168942871119996,-8.604389080824001,1.9252005247232,-0.41519539895652174,-0.044679848254347815,0.6598737123604347,0.7888367448304349,37.46931374652174,-12.81137234173913
1970-01-01 00:00:33.274455917,-4.338744841188461,-10.087522888147692,0.8357293994153845,0.7864354275221739,0.4829853525052174,-0.41538013731575657,3.6653732009565214,36.792587444782605,-14.278013436086958
1970-01-01 00:00:33.524455917,-5.137819848624,-6.200597790554,2.9744525938879995,1.6667909671833332,0.62387243394375,0.1452067741145833,2.0546648849833336,31.004370609583333,-24.161750476249996
1970-01-01 00:00:33.774455917,-6.641147355465384,-10.11512894235,4.477299024296154,-1.6269719899043478,-1.2537850491999998,-0.4754500374108695,4.668312948634781,28.06731812869565,-26.934786919999993
1970-01-01 00:00:34.024455917,-2.3612704819807693,-7.846320031908846,1.7477021732230769,-0.9281733495083334,-0.43692394432,0.8260860958995834,-0.11087327696249993,36.791607380833334,-14.453453064166666
1970-01-01 00:00:34.274455917,-4.8364665162268,-11.175077307160402,1.2897000548760003,0.8044575924586957,0.37567094997826095,-0.30848096570434785,2.287079987391304,37.40745561086957,-12.90747742130435
1970-01-01 00:00:34.524455917,-5.039892566611538,-5.941214411861538,2.1269212751730766,1.4016143899608695,0.7358172069243478,0.06684261721347828,1.2752662793391303,33.18019858608695,-21.442192161304348
1970-01-01 00:00:34.774455917,-7.012563299616001,-10.166061566280801,3.889942822456,-1.544933963575,-1.3457490478833334,-0.14003637617666667,3.8977176149916666,30.925636768333334,-23.78778910625
1970-01-01 00:00:35.024455917,-2.7774857271153843,-6.798683219299999,1.3386201714203847,-0.6382845886695653,-0.0735861479821739,0.7221152169713043,0.23668535891391299,37.759474049999994,-11.837607093869565
1970-01-01 00:00:35.274455917,-5.53942271061088,-11.557346374264,1.4668776123160001,0.6816310919575,0.7176970276656668,-0.7028806389583334,1.5349361847083334,37.878126144166664,-11.567261617083332
1970-01-01 00:00:35.524455917,-3.838945717089231,-5.650789507353847,2.5662461561311543,1.5921978400304346,0.49615570581913043,0.0797405251,-0.19151508288260863,33.4341888426087,-20.988399506086957
1970-01-01 00:00:35.774455917,-7.578336920508846,-10.620742898103845,4.220070472297692,-1.2804527003821737,-0.5387204389886956,-0.09313145004043481,4.164619124518695,29.729939752173916,-25.572666584347825
1970-01-01 00:00:36.024455917,-2.309301782472,-5.692757849162,1.32387099617,-0.9131309626441665,-0.42949216208583335,0.4819450979484792,1.0450907152125002,37.07495848333333,-13.733261823916669
1970-01-01 00:00:36.274455917,-6.14179154028077,-12.79018152695,1.7672250366407691,0.4939752978982609,0.48366284760173917,-0.554859645026087,2.1896957987956522,38.1296804673913,-10.697788486173913
1970-01-01 00:00:36.524455917,-2.6128944579840003,-3.6779297058127995,2.1908920165067998,1.4269859535458334,0.08924706556749999,0.10293645605791664,-1.5409298787625,34.35672513666666,-19.40451173
1970-01-01 00:00:36.774455917,-9.245541105915384,-12.629933994176922,4.661041928807692,-0.9621521661260869,-0.47235510038260875,-0.21781947822695644,1.2723098474775647,30.128707803043476,-25.459367999999994
1970-01-01 00:00:37.024455917,-1.9190497002615385,-4.056005876573077,2.69549660901923,-0.5505039132043478,-0.3905316442352175,0.6891442127165217,-2.7348829197647833,36.704245028260864,-14.620903222173917
1970-01-01 00:00:37.274455917,-6.866976050208001,-14.047831384748,2.739441302688,0.007443000045416657,0.25384250918,-0.6819411534816666,-0.3008770793458333,37.3080506325,-13.462525327916666
1970-01-01 00:00:37.524455917,-2.0714731187538464,-3.1409356981576924,1.4189742279196158,1.0552957998817392,0.14269818925652175,-0.14765258303739123,-6.843565235913041,35.72803911999999,-15.675054880869569
1970-01-01 00:00:37.774455917,-7.297534698740001,-14.992492950368,5.053389422628,-0.4905090678756522,-0.024692419830434662,-0.21439410535334782,-3.944970208565217,31.944680918260875,-23.095384680434776
1970-01-01 00:00:38.024455917,-1.1241162344538462,-1.3813908444653846,1.3085903107953847,-0.7013833734291666,-0.2538263785316666,1.0444599353041666,-4.080767740804167,36.6934509275,-14.138427774583333
1970-01-01 00:00:38.274455917,-6.92789912896923,-16.763340454558843,3.168144501723077,0.02606450288478262,0.08871139815347821,-0.5655235604495653,0.9328365014508695,38.20573541391305,-10.699885409565217
1970-01-01 00:00:38.524455917,-1.85712209480148,-1.7352874512779999,1.353030358872,1.1659844854695651,0.29124513668805213,-0.3507031466395654,-4.605618051826087,36.038756991739135,-15.68011590826087
1970-01-01 00:00:38.774455917,-7.421561015299999,-14.297725418903847,3.7971480208646153,-0.6931770310316665,-0.39807906896,-0.03773686053158334,0.8196965604708334,30.50571568875,-24.995837609583333
1970-01-01 00:00:39.024455917,-2.381272119128,-2.8839986939111997,1.7667220826403998,-0.5510086384739131,-0.6172081953917391,1.012565483684739,-0.472308603373913,34.812469316521735,-18.586410604782603
1970-01-01 00:00:39.274455917,-7.562930496938076,-15.187682437204227,2.9273471655976926,0.26163483642541663,0.6737068103341667,-0.6077895012125,3.39220570525,35.395734947083334,-17.331467389583334
1970-01-01 00:00:39.524455917,-1.795827096855846,-2.1196613722884616,1.1742792276238192,1.0034177472043475,0.32825847373086964,-0.1643513523873913,0.9375683120652171,33.390712986521734,-21.042914183478263
1970-01-01 00:00:39.774455917,-8.86560188592,-15.522217381984,4.692807257096,-0.5747221189873912,-0.3926173221165218,-0.13889087712347825,2.114867821979131,29.354108975652174,-26.295231611304352
1970-01-01 00:00:40.024455917,-0.7912660921538461,-1.3172031696326922,1.5955896466576927,-0.43136838931933336,-0.3872215006170833,0.7693607687170833,1.8443876852291667,32.19073939416666,-22.935719569166668
1970-01-01 00:00:40.274455917,-7.8897871025164,-17.25814550128,3.9331369996931995,0.1411629274121739,0.27071497073478257,-0.49367854130434774,5.293640634347827,33.46588167826087,-20.901548136956524
1970-01-01 00:00:40.524455917,-2.3300431119946152,-0.13304448641961536,0.43131077704230764,0.9919127176250001,0.7191820225041666,-0.09605790118333335,3.639488766666666,32.23014720291667,-23.608792781250003
1970-01-01 00:00:40.774455917,-9.433440751796537,-16.031713801819226,5.215051398888038,-0.4249732000408695,-0.3953727522956522,-0.31847317733391306,4.6060034296086965,28.258234439130433,-28.18672644608695
1970-01-01 00:00:41.024455917,-1.269186712604,-0.5571953063967999,-0.18605709226880002,-1.1088971560652174,-0.1532206148613913,0.5551268915420434,1.5590475745999997,34.33030028956522,-20.66135895782609
1970-01-01 00:00:41.274455917,-7.675761249538462,-17.660960382423074,3.3044821402076923,0.266348860425,-0.031097623566666677,-0.25348784858708334,5.770222246708333,36.49177296958334,-15.898240923750002
1970-01-01 00:00:41.524455917,-2.4347109924584003,-1.2729169556887598,0.2772175231852,0.8081511285408698,0.3554809620178262,-0.5394581226399999,-0.06033215318956518,33.72719059826087,-21.747927126956522
1970-01-01 00:00:41.774455917,-5.180513604769231,-14.674981296269229,2.9549992781811536,-0.0998995133891667,-1.3415830576516667,0.7092798034591666,-2.755847255466666,33.644856850416666,-21.68578243208334
1970-01-01 00:00:42.024455917,-2.3925381528030765,-5.476517292923078,0.5688977403173078,-0.8611653865547825,0.7712783282217393,0.7206699486804348,3.7980594997826085,33.967423977391306,-20.83738774826087
1970-01-01 00:00:42.274455917,-6.420346819452,-11.946381371999998,4.55656657115944,1.7591806923,-0.13155529224956514,-0.05782200229869566,6.576425884173914,33.971655472608695,-19.614182347391303
1970-01-01 00:00:42.524455917,-3.5848145705,-3.9262027270769226,2.1286542099423076,-0.20671845305625003,-0.15000408423833334,-1.263554240325,5.872907911704165,25.305966536249997,-30.550965706249997
1970-01-01 00:00:42.774455917,-6.098180767796,-13.4985396424,3.675289196728,-0.08007643856086959,0.20057733162173913,-0.2920971783134782,-5.696287196608696,31.256260581304353,-24.537666071304344
1970-01-01 00:00:43.024455917,-1.9141445159692307,-7.254180239192308,1.3197766642615387,-1.3858595573695833,-0.18285997740875,0.6307350511875001,-0.4438374985770834,32.84674882875,-22.76139783791667
1970-01-01 00:00:43.274455917,-3.2144575012232,-12.175093762360001,3.912132678336,1.5434003815869568,0.46656435406086955,-0.04579598067782609,1.467751006076087,35.18325548434783,-18.73209584173913
1970-01-01 00:00:43.524455917,-4.388372409538462,-4.830161396961538,1.5401414899384618,0.17796917247608698,-0.21262263594782607,-1.4704856069869565,4.046392627308696,26.863547699130432,-29.39918219521739
1970-01-01 00:00:43.774455917,-3.755240936303461,-13.601569237807691,3.1805398794884616,0.22511999312083333,-0.6335217649858333,0.8288082085858335,-10.170101006416667,30.58776625083333,-23.89817007291667
1970-01-01 00:00:44.024455917,-1.519711743112,-6.381990582119999,1.989171496556,-1.137835776626087,-0.3534160574782609,0.8715479093747828,0.5053942592260869,31.812371378260867,-24.371189614347827
1970-01-01 00:00:44.274455917,-4.529442514503846,-11.718939953846153,4.439260817353847,1.0715313659416668,0.8850026702,0.07384864113337497,0.9421713942083333,34.64973878833333,-19.872359196666668
1970-01-01 00:00:44.524455917,-3.7140106750800004,-5.18206783452,2.355010729976,0.002863640795217354,-0.29478675128217396,-1.5961462719347825,3.1045818950956536,27.945824747826084,-28.52812775217391
1970-01-01 00:00:44.774455917,-4.858026528115384,-12.4461392745,2.8628255698230762,0.19401672823956523,-0.5427381974686957,0.5742689740926087,-10.507644342,30.75133655304347,-23.600412120869564
1970-01-01 00:00:45.024455917,-1.896193384073077,-6.898824973423077,1.919262718796154,-1.0536165699875,-0.29317144651541666,1.2519542722904167,-0.06235886720408342,32.45536836,-23.441934189583332
1970-01-01 00:00:45.274455917,-4.47365698232,-12.0215909732,4.647535400396,0.8816737898869568,0.747743173152174,-0.2997187285595652,0.2531675256343478,36.218986345652176,-17.147546602173914
1970-01-01 00:00:45.524455917,-4.193805858884615,-5.446568034230769,1.5823076512126923,0.4183135901583333,-0.13232487441666665,-1.1822356134041667,2.5591687460920833,28.574860573333336,-27.97430237125
1970-01-01 00:00:45.774455917,-4.484949499512,-12.712410407319998,3.5044045532399997,-0.0620376046695652,-0.3861299079782609,0.12538107840086954,-11.567870969304346,31.08061044130435,-22.549787023043475
1970-01-01 00:00:46.024455917,-2.183814503553461,-6.857482100192308,2.302540688076923,-0.725782648017826,-0.4039557391043478,1.4063616277565216,-2.880251132953913,31.71727819043478,-24.39540125043478
1970-01-01 00:00:46.274455917,-4.502584903515385,-11.192530781192307,4.3617393318076925,0.14285752802499996,0.3605835948566667,-0.2842478938583333,-1.1260397160708333,36.968153317916666,-15.6190634175
1970-01-01 00:00:46.524455917,-3.84360518188,-6.802843414280001,1.6768549622412001,0.913619264934783,0.6365559347308698,-0.8962537804147827,0.7498957073817387,31.15683953652174,-25.255329380869565
1970-01-01 00:00:46.774455917,-3.7557015169576924,-12.122293484115385,3.2158491457461533,-0.34593679538504163,-0.9827045211945832,-0.5547891383666667,-12.771502176291667,30.391087929999998,-22.504786015833332
1970-01-01 00:00:47.024455917,-1.8137303283440003,-6.61436735224,2.528721496488,-0.056096922306956516,0.08244261874913042,1.520328455656522,-7.215518059782609,31.01062749782609,-24.243879731739135
1970-01-01 00:00:47.274455917,-4.557503392207692,-11.55990144576923,4.704204095807692,-0.5215064077,-0.09493116062916668,-0.272953740625,-4.216172531333334,36.71909602416667,-15.389363169583334
1970-01-01 00:00:47.524455917,-3.4449765190846153,-6.458757406576922,1.757650715769231,1.4290812136286957,1.2562537037130437,-0.41571115830782607,-1.0891542913347827,31.327081513478266,-24.763176461304344
1970-01-01 00:00:47.774455917,-5.577743023676001,-10.997073468439998,2.5483726318,-0.7129140790778264,-1.1348548873943478,-0.6945063167391304,-7.801923109103914,30.780400649999994,-23.95947721652174
1970-01-01 00:00:48.024455917,-2.8623074165,-7.089159939153847,2.58166985145,-0.1455240436791667,0.06751848552416663,1.5173454433,-4.603836236046667,32.28681039791667,-23.093817631666667
1970-01-01 00:00:48.274455917,-5.195252416880001,-10.59502752632,4.86581149288,-0.4653978662541742,-0.47542432080782604,-0.12103132526717393,-0.2380658336130436,37.44785756652174,-14.371782012608696
1970-01-01 00:00:48.524455917,-3.612080946646154,-6.700579534884616,2.0386337162307693,1.35095794154375,0.7160742942595834,-0.9359687427720834,-1.0439051862041666,32.574009339166665,-23.156886498333336
1970-01-01 00:00:48.774455917,-5.050750755699999,-11.365265808000002,3.1969595806961544,-0.8340938233826086,-0.8829235758043481,-0.711464530752174,-12.547981656565216,30.970745417826087,-21.76323111173913
1970-01-01 00:00:49.024455917,-1.6822377685880001,-6.92968963604,2.8236382141480005,0.36041511628260886,-0.20340228119726084,1.5574423755999995,-8.571728199130437,32.81803412913043,-21.251131388695647
1970-01-01 00:00:49.274455917,-5.148589606884615,-10.4520609815,5.3097525438461535,-0.24814308377500002,0.015437532280583305,-0.3562457594104167,-4.612878779541667,36.30825662583334,-16.503800233333333
1970-01-01 00:00:49.524455917,-3.273033691472,-6.67539843744,2.0564535828024,0.9315356020908696,0.9369995982260871,-0.8918037313173912,-4.801247659086956,31.691906389130434,-24.056717415652173
1970-01-01 00:00:49.774455917,-3.571164110603846,-11.569769387615384,3.6864359400384616,-0.4512292398475,-0.9297808371041668,-0.5775987316795833,-15.862843295791668,30.110034942499997,-20.82632708583333
1970-01-01 00:00:50.024455917,-3.1646153025115384,-6.975695889,2.620295298615385,-0.28461375054782606,0.09697447120043487,1.4708966522086957,-9.654763594478263,32.23499007739131,-21.554439047826087
1970-01-01 00:00:50.274455917,-4.010005151200001,-11.1731014162,4.191655407683999,-0.6640153157695652,-0.25760700391913033,-0.4229255652034782,-6.562036638913043,37.80091990565218,-11.499593485826086
1970-01-01 00:00:50.524455917,-3.9948868208846147,-7.203199715192307,2.0830682374,1.6282368146375,1.2607842125666668,0.04213952515749999,-4.237409109958333,33.30748963291666,-21.214459816666665
1970-01-01 00:00:50.774455917,-4.108224902612,-9.98824334152,2.360040270896,-1.0048151187695653,-1.2231455759817391,-1.1383026579652173,-12.225985309565216,30.84647643086957,-21.608459970000002
1970-01-01 00:00:51.024455917,-2.917767087615385,-8.668519874038461,3.3914052289307697,0.3751800589595833,-0.07865403532861251,1.7240498215000002,-11.676549573708334,33.15477824166666,-18.9772699675
1970-01-01 00:00:51.274455917,-4.934500192461538,-8.953826575653846,4.181243520884615,-1.012686611478261,-0.14334932540752174,-0.3101983779752174,-3.875532730782609,37.56265242217391,-13.419727076695652
1970-01-01 00:00:51.524455917,-3.72549479364,-8.126606635,3.0976883238892,1.5786596822130434,1.0657628357217392,-0.33419168181913045,-7.051549165173915,35.252633716086955,-17.255387762
1970-01-01 00:00:51.774455917,-2.9704344881615388,-7.391116631923075,2.5921192756565383,-0.5893348222458333,-0.5093053125708332,-1.3981581653250001,-9.785386582583333,30.183923722083332,-24.253055254583334
1970-01-01 00:00:52.024455917,-4.770172375248,-11.719584997679998,2.733298077396,0.2777674677978261,-0.03823701255434783,0.7975578460173913,-17.84327220869565,31.27633335391304,-17.756260623478266
1970-01-01 00:00:52.274455917,-2.8752612481153843,-7.303243595961538,1.945072508657692,-1.3446352219458333,-0.20731279973583336,0.6130780087275,-7.893063426375001,36.40025679208333,-14.441734433333332
1970-01-01 00:00:52.524455917,-3.1450233518423074,-11.31078487076923,3.4116304778423077,1.3123303942434783,0.07616475998695649,-0.30208239412,-8.744121053913045,38.03211776043479,-8.67340995947826
1970-01-01 00:00:52.774455917,-3.742816772520001,-8.09538755484,1.8310762573319999,-0.18467555903391303,-0.019999289503478276,-1.5040538751782608,-11.440794281391303,32.246232240434786,-20.76299625869565
1970-01-01 00:00:53.024455917,-4.2428058859615385,-10.395248354692306,2.3703439213876925,0.4158784487384167,0.02315083023791666,0.9438330152095834,-19.53913172,30.566105047500002,-17.01934532375
1970-01-01 00:00:53.274455917,-2.3165886291863997,-7.623293280119999,2.0897383667600002,-1.255531355178261,-0.4709327395382608,0.6275215377486957,-8.468466737913044,36.16762973956522,-14.911760744260873
1970-01-01 00:00:53.524455917,-3.9406419314115384,-11.248301344576923,3.875204931365384,1.0486590414499999,0.32057311156,-0.27322788396083336,-10.075104077874999,37.545005796666665,-9.532211662
1970-01-01 00:00:53.774455917,-3.7203980078461547,-5.963414400461537,2.4919890360603842,0.1622088353975217,-0.230110229473913,-1.3020724551434781,-12.623856627652172,31.48674177086957,-21.230527877391303
1970-01-01 00:00:54.024455917,-4.44218043806,-12.453532744839999,3.868297833228,0.17326797418782608,-0.43433651982608706,1.0149570535952173,-20.992288175652174,30.78518967130435,-14.866269069565217
1970-01-01 00:00:54.274455917,-2.0865859223076924,-6.667636501653846,1.8365539433269231,-1.3579309432654165,0.013448098210833334,0.7478454156879167,-9.933626512375,36.79573678916666,-11.8770658965
1970-01-01 00:00:54.524455917,-3.7392002933599997,-12.498445349720003,4.070269830168,1.3616652140260868,0.4724849786434782,-0.23312814503043477,-10.190561294434783,38.096622466521744,-6.129426625086957
1970-01-01 00:00:54.774455917,-5.37820058958077,-6.08758119426923,1.3693984750115384,0.551577581375,1.3251567259916666,-1.0949854084008335,-6.595494747208334,31.58791081,-23.78819576875
1970-01-01 00:00:55.024455917,-4.693938903996154,-11.377177576653843,2.9726280036253843,-0.03773730014491306,-1.3744200069173913,0.6448269811952174,-13.465817990347825,31.80715453130435,-20.310157941304347
1970-01-01 00:00:55.274455917,-3.8171162658,-6.312804455599999,1.45304637451,-1.279644936311304,0.10098985715826082,0.7907601214443482,-5.792553217869565,35.38463857782609,-17.724820303043476
1970-01-01 00:00:55.524455917,-4.461702610884616,-11.491695204884618,3.7197128941803843,0.6413859015416667,-0.08738617111624995,-0.2851534110670833,-5.951598346125,39.0319225,-6.950297991375
1970-01-01 00:00:55.774455917,-4.7029801026,-5.691195099080001,1.5489489441239999,0.6120809438826089,0.207985029586087,-1.3056585866347823,-7.538682771652175,33.43778999956522,-20.702784827826086
1970-01-01 00:00:56.024455917,-4.64070153455,-11.769580800076925,3.3613120387692303,0.10155099441166665,-0.43788513848750005,0.5447031821704167,-19.675513625833332,31.290067831666665,-15.4550204675
1970-01-01 00:00:56.274455917,-2.6541019205,-7.120364280115383,1.7941344628197695,-1.3905674465173916,-0.29137207395034787,0.6859798359513044,-8.200827018304347,36.25071318347826,-14.704053836652173
1970-01-01 00:00:56.524455917,-3.9329813231951998,-11.83390526744,3.6718583313371997,0.7155300851782609,0.03915749817391306,-0.4742104824466521,-11.437053286826087,38.24764235173914,-4.026811309417392
1970-01-01 00:00:56.774455917,-4.074786054230769,-6.051840133730769,2.018333622888462,0.7018126829979167,0.4789167655416667,-0.7571270937791666,-10.946243007583334,33.59599542625,-18.85485617333333
1970-01-01 00:00:57.024455917,-6.370985467480001,-11.347572601440001,3.547365215956,-0.055668863908695645,-0.5490008070434782,0.8404541903652173,-17.121448973043478,32.9422458152174,-15.307680170869562
1970-01-01 00:00:57.274455917,-3.1396575868461545,-6.336628682038461,2.4675494737115384,-1.1507590187375,-0.12684993864875002,0.854104372325,-6.198967953708333,37.236880938333336,-13.170024871125
1970-01-01 00:00:57.524455917,-5.492211579653845,-10.921818730807692,3.97355042095,0.5899873249786957,0.3476412485055739,-0.20511789101739136,-7.176558390869565,39.26042440695652,-4.330304767782609
1970-01-01 00:00:57.774455917,-4.5476331482,-5.354491278080001,1.9260268067364001,0.4664148208991304,-0.1490243780113044,-0.740171341136087,-7.086009191304346,36.06855889956522,-16.063723314782607
1970-01-01 00:00:58.024455917,-5.889422114636154,-12.32908269430769,3.1009630525730767,-0.27423989743000005,-0.04332435530833334,-0.34113821696249996,-18.8741351375,33.76598771333334,-10.456862648666666
1970-01-01 00:00:58.274455917,-2.0201630492108,-6.422514312760001,2.6410958130720004,-0.46242747201999995,-0.4874232809682609,1.165217314128261,-10.516622689043478,36.73360277304347,-12.048968605304347
1970-01-01 00:00:58.524455917,-5.627017787038462,-10.061039499115385,4.2630253776923075,0.025389964991666642,0.4056838474554167,-0.23351587510916663,-9.6603224875,38.63118616666667,-5.600050608375
1970-01-01 00:00:58.774455917,-3.3237631988192313,-5.942475251423076,2.074363262473077,0.456873645504087,-0.2698294256308696,-0.9027017717739131,-12.550447298,36.00635395869565,-12.40313011652174
1970-01-01 00:00:59.024455917,-5.109726269548,-13.1538244814,3.3636612305559996,-0.07113579755260868,0.024145410708826115,-0.2064532918913043,-22.64990607608696,31.922301416956522,-8.975836712
1970-01-01 00:00:59.274455917,-1.9027106006496153,-6.394322169346154,2.5424801929730765,-0.5431883659962916,0.10734059693249999,1.11701260051,-13.160941799208333,36.23158534333333,-10.868276517
1970-01-01 00:00:59.524455917,-5.958894952998154,-10.953834845346154,4.022423788192308,0.09729794806391304,0.03466242458304345,0.12751456898304345,-10.200805747217391,38.72617539130435,-3.587275753913043
1970-01-01 00:00:59.774455917,-4.94237427976,-6.033144012479999,1.78516972045816,1.2623323089875,0.3909934180391667,-0.8715885253524999,-9.299652199208333,35.37599674875,-15.992975592125
1970-01-01 00:01:00.024455917,-4.306901444562309,-11.394432078884616,3.2771409195203844,-0.8970638746391305,-1.0324276925130433,-0.7620902813130435,-21.59487230826087,31.28142207695652,-11.726051330565218
1970-01-01 00:01:00.274455917,-2.762403552168,-6.8264762695600005,3.0975985107143993,0.03489408286739135,-0.33085289534565215,1.8353558130608694,-15.876358364608697,35.07649272478261,-10.18042000473913
1970-01-01 00:01:00.524455917,-5.448203095923077,-10.665079544923078,4.229506618773076,-0.7472280310645835,0.3139483213,-0.27598398409875,-10.336640596541667,38.72298860625,0.11718217520833336
1970-01-01 00:01:00.774455917,-4.064158155076924,-6.802529068115385,2.060856734034615,1.829013578304348,1.1487675698078257,-0.14755367646913045,-9.18952888030435,37.08418323652174,-10.888067121086959
1970-01-01 00:01:01.024455917,-4.0235489867664,-9.761165551920001,2.314864215024,-0.8920594775701084,-1.0862002591308333,-1.3617789962420834,-18.987232089874997,32.12635048208333,-13.241287311666667
1970-01-01 00:01:01.274455917,-3.608695678659615,-9.212805334192307,3.572171630834615,0.43450082028652165,-0.01509422089173913,1.7491178719782607,-19.715470023913042,33.31508039434783,-9.52295460965217
1970-01-01 00:01:01.524455917,-5.0131051942208,-7.864010705520001,2.8983867735999995,-1.3066699530608696,0.2905851304565217,-0.2018725011937391,-10.61207352526087,38.311028192173914,-5.209542108694782
1970-01-01 00:01:01.774455917,-3.7729157198280774,-9.462848827538462,3.3242698375846156,1.5964151680491667,0.2654687373529166,-0.37825124748441663,-12.639473557500002,37.525058109999996,-4.2851869665975
1970-01-01 00:01:02.024455917,-3.849303025461538,-8.165945751,1.8880641350846152,-0.43712339323478266,-0.7662820000430436,-1.031919209571739,-20.187573267391308,31.68224226782609,-13.552889451043477
1970-01-01 00:01:02.274455917,-4.2657692869599995,-9.924152618639999,3.4381283752976,0.04229772199808332,0.13286919983791667,1.23274393073125,-21.41505165833333,32.88816539416667,-7.423770229
1970-01-01 00:01:02.524455917,-3.9726062305000003,-8.93346315223077,3.6626584625384617,-1.24481634582,-0.26919144887217394,0.11819070691452171,-12.225427835217394,38.1075908826087,-0.18327314955652174
1970-01-01 00:01:02.774455917,-4.642122656200001,-8.275325371640001,2.6106551146604,2.0331297439130434,0.9261429954108695,-0.46103208103869575,-13.308746047826087,36.89278876217392,-5.320220158826087
1970-01-01 00:01:03.024455917,-4.129762115423077,-9.354986589576923,2.192962787357692,-0.6835390819708334,-0.9122793171208333,-1.25625098248125,-21.079911111666668,31.006664514583335,-13.35951252825
1970-01-01 00:01:03.274455917,-2.5839266968076924,-7.424698721376923,3.5475248072519228,0.7683425787511303,0.5778602540204348,1.184232980606087,-21.77523903130435,32.447819916956526,-8.175344467260869
1970-01-01 00:01:03.524455917,-5.412714202948,-11.416016272759999,4.733983630068,-1.3098152879641667,-0.32767283482875004,-0.026148089036250006,-15.987875381250001,36.12082847,-4.808051387583333
1970-01-01 00:01:03.774455917,-2.5079884573599998,-8.015698576692307,1.6132068575538463,1.368442291847826,1.1006579614421736,-0.4731296041695653,-17.363544299565216,34.805615964347815,-8.807521529436087
1970-01-01 00:01:04.024455917,-4.9240910693461535,-10.924967950615384,2.046572975803846,-0.5441293312966667,-1.2625397856154168,-0.7971865699133334,-25.18045910208333,28.646197238750002,-11.320192813624999
1970-01-01 00:01:04.274455917,-2.190490850784,-7.84731741916,2.2269190978155997,0.035742406643478296,-0.5567141412913043,1.7058751945652175,-21.134113270869562,33.40229581826086,-5.230974155869565
1970-01-01 00:01:04.524455917,-4.792825575461539,-10.802631964653845,4.574326101542308,-0.9488425066313042,-0.04109531797739129,0.037267921423478255,-14.242226850434786,37.029223566086955,5.464043534265217
1970-01-01 00:01:04.774455917,-3.7468164549599994,-7.66550549928,1.2881492797863998,1.6702527851625,1.1220412218095832,-0.38976492827416664,-14.966662804166665,36.61119778916667,-3.6473354893625003
1970-01-01 00:01:05.024455917,-4.031336024411538,-10.771934262576924,1.9521712082884615,-0.6276585932556522,-0.76354283971,-1.3480952662282613,-24.90351618913044,30.11909891173913,-7.350499567521738
1970-01-01 00:01:05.274455917,-2.901082552346154,-7.740754939923077,2.5406608991923076,0.17460205033583331,0.08402717020916667,1.667276099375,-23.11230897916667,31.838115692083335,-6.489782571749999
1970-01-01 00:01:05.524455917,-5.2454759766,-10.093594263,3.9759060606800007,-1.2518494129130435,-0.4738104337647826,-0.10320293189130435,-14.751332532173913,36.98934754043478,3.145268066965217
1970-01-01 00:01:05.774455917,-3.5334252812257696,-8.15878372126923,2.5810768539,1.814959844782609,0.7941833145656522,-0.13815890380434787,-14.675685881304345,36.93999829478261,-0.7784414706217393
1970-01-01 00:01:06.024455917,-3.3185689999176002,-9.117959106199999,3.0357950317199998,-0.49748067097416665,-0.8295990689937082,-1.3399661332916668,-22.084380546250003,32.064638852916666,-8.168196718166667
1970-01-01 00:01:06.274455917,-3.945708318853846,-9.58680260326923,3.8842841281538463,0.4129510641565217,0.18474381853434785,0.7968406864908697,-26.485573146956526,29.651493488260876,-5.396551837130436
1970-01-01 00:01:06.524455917,-2.316818689273077,-7.546994405615385,2.8379426985769234,-1.2204766025458333,-0.07188024271166667,0.09767547526499999,-21.294733126666667,33.902982870416665,-1.9905525048333328
1970-01-01 00:01:06.774455917,-3.6796181947239996,-10.647658080480001,4.094190087816,1.129468138121739,0.4614571141986957,0.019975111704347834,-6.5615199654782606,31.41095733565218,-14.347530199956521
1970-01-01 00:01:07.024455917,-2.558790506176923,-6.417224543730769,3.344356912353846,-0.21919714558913042,-0.786779522973913,-1.0249100910391302,-2.630479387482609,26.546024903043477,-29.64623899043478
1970-01-01 00:01:07.274455917,-3.4987147697769228,-12.962651718615385,3.149485227269231,0.2804824109458333,0.10337999339125,0.6185208937791666,-5.911197171166666,25.6477224825,-29.14135185875
1970-01-01 00:01:07.524455917,-2.151661596556,-6.24873768308,2.3932352416800002,-1.2396187870716957,0.04126144601695651,0.7200708250082609,1.625701748849565,26.016135920434785,-29.14345666695652
1970-01-01 00:01:07.774455917,-3.716385198769231,-11.705473726153846,4.720462593696154,0.5671501122791667,-0.15822380022250002,-0.17786344321166667,1.1366085808166666,31.851126591250004,-22.795172850416662
1970-01-01 00:01:08.024455917,-2.2001727172839995,-6.0047031554800006,2.8670060302840006,0.2776637385221741,-0.23153046289956522,-0.986391184121739,-2.4038424126956524,30.28348085130435,-22.232612070434783
1970-01-01 00:01:08.274455917,-4.428627161,-13.417475140384616,2.5060252321884615,0.1316399241108665,-0.2118383442086956,0.4669385049021738,-10.326623709173914,38.19681283695652,-7.0500526843478255
1970-01-01 00:01:08.524455917,-1.6289126587153848,-6.5356916515000005,3.2723278516153846,-0.4770782497379167,-0.10350450019295833,0.8879678768041667,-0.5997570653404166,38.955211320833335,-9.519171913375
1970-01-01 00:01:08.774455917,-4.335230840872,-12.058354523359998,5.417216839719999,-0.21004126123913044,0.3792078683204348,-0.2015344118652175,-0.9309971540239131,40.05199813782609,-0.6462023362217391
1970-01-01 00:01:09.024455917,-2.6913225966692305,-6.213446379423076,2.2085188997073075,0.7998493712758333,0.24000525076220836,-0.6577048028666667,-0.74327218533,38.828223228333336,-10.107480248125
1970-01-01 00:01:09.274455917,-2.66873433839,-10.50292106264,4.4352648191999995,-0.13585779442608695,-0.23608712263043488,-0.2881294325230435,-8.917578033434781,37.96728482391304,-9.731163356565217
1970-01-01 00:01:09.524455917,-2.564582308307692,-8.635853189384616,3.839699918346154,-0.19033321171695652,-0.21056328178739128,0.007888399295260872,-6.987081641826087,34.05260633347826,-16.243363256521743
1970-01-01 00:01:09.774455917,-2.1150382936153846,-9.109641019346155,3.874001664384615,-0.07407561876129166,0.01485427429916667,0.035320297082125,-1.1626686888583333,22.58906110125,-31.82311002375
1970-01-01 00:01:10.024455917,-2.3291085937999996,-9.05930507808,3.8695612059999998,-0.03889685294317392,-0.018790488937826085,-0.028366352638269563,-0.43189357544434787,20.7815865226087,-32.997025697391294
1970-01-01 00:01:10.274455917,-2.332472675038461,-9.079818420461539,3.7777000016538462,-0.05022943896370833,0.15079794420208334,-0.07368813307750001,-0.033446614931249986,12.042617200416666,-37.12830797958333
1970-01-01 00:01:10.524455917,-2.3876559977307688,-9.1129859865,3.7331560927692307,-0.04420818210234782,-0.09866880086791305,-0.04512037595652174,0.1741339149652173,9.489711574869563,-37.86104003217391
1970-01-01 00:01:10.774455917,-2.63835950316,-9.61339284644,2.644808093176,-0.10172914778869564,-0.08273861144543479,-0.035331906742347825,-1.7467562997347827,5.260902819304348,-38.669740096956524
1970-01-01 00:01:11.024455917,-3.5738124494999997,-9.28329145,3.9505501732692307,0.41659294912012496,0.2766590496466667,1.0210605238625001,-1.5563397854629581,23.809633155375,-30.423659562916665
1970-01-01 00:01:11.274455917,-4.0652043639599995,-6.660124200399999,3.78706475828,-0.9564372496086958,-0.5352441380234783,0.6153429695043477,3.6183652876956525,26.138568877826085,-29.266702817391305
1970-01-01 00:01:11.524455917,-4.106865498461539,-9.36011054973077,5.883762729346154,0.5026573052673333,-0.48764075444079164,-0.2299935960482917,5.367042740125001,26.94168376875,-28.32424028708333
1970-01-01 00:01:11.774455917,-2.5848996735346152,-6.4568632683461535,4.848129800615385,0.3208473303669566,-0.5126432685782608,-0.9792786913999999,-0.47829804211739135,22.821433937826086,-32.06252131217391
1970-01-01 00:01:12.024455917,-4.134965295360001,-9.40018820808,6.0141395324,0.1803663878317391,0.6552610436260871,-0.01699491063108695,-5.2767581731304345,21.31856835434783,-32.63909049608696
1970-01-01 00:01:12.274455917,-2.977032306423077,-7.8359972675384615,5.3553730597692315,-0.22884933401625,-0.20735635895758334,0.03871636287220833,-5.783795217625001,20.621409892916667,-32.51856636833333
1970-01-01 00:01:12.524455917,-2.45729602656,-8.14291073,5.50653909296,-0.018788958818260867,-0.09394959822056521,-0.046186419584782604,-4.592793360956522,21.420314539130434,-32.395006925652176
1970-01-01 00:01:12.774455917,-3.6128812057153845,-9.07341634876923,4.643712580807692,-0.142996317865,1.0811123976829167,-0.2665113223041667,-3.059807578677917,21.698893706666667,-32.436266421666666
1970-01-01 00:01:13.024455917,-3.5768292530307693,-7.181776956384615,2.474901492769231,-1.6138919073869564,-0.4227189755521739,0.5732996755373913,6.263250641217391,25.81324958782609,-28.528541813478263
1970-01-01 00:01:13.274455917,-3.6496445252720005,-11.25155028028,4.489523986588,1.0087596845086957,0.6110605532739131,-0.07711712077260872,5.140297039695652,30.821182580434787,-23.348769728260866
1970-01-01 00:01:13.524455917,-4.661059200576923,-5.930310164307692,1.846335525523077,-0.009350994092329182,-0.7173462434575,-0.8109138210416665,6.190422534879166,25.11235324625,-29.26969083208333
1970-01-01 00:01:13.774455917,-4.137551686192308,-11.99060771076923,2.813710397534616,0.3080188457821739,0.1139236319826087,0.6748033658478262,-3.114620270808696,26.90746182956522,-28.180629066956524
1970-01-01 00:01:14.024455917,-2.7236521362479995,-7.3453512632399995,2.22385347286,-1.7147012526875,-0.55163850911,0.5531375501333333,4.738581160625,29.815745273749997,-24.523074388333338
1970-01-01 00:01:14.274455917,-4.506960419647307,-11.04178272457692,4.11158645025,2.0704748966521738,0.5074619397521739,-0.04289931252782605,4.393911423869565,30.462296196521734,-23.41924916
1970-01-01 00:01:14.524455917,-4.335697869880001,-5.942270983879999,1.7735658508199998,-0.13862488937391304,-0.32983853695217397,-1.3770990476130434,5.383348195537391,21.296547599130434,-32.27533489608697
1970-01-01 00:01:14.774455917,-4.166694928730769,-11.689842769346152,4.7724909386538465,-0.0012230043529166863,-0.9328800415242501,0.6119613908,-6.791424413583333,27.910176197499997,-26.553280909583332
1970-01-01 00:01:15.024455917,-2.8349719532384614,-6.140357982923077,1.9534781060153845,-1.3080071270260871,-0.060906185408695676,1.1053187478652173,1.9438061920708694,29.160598339999993,-25.71204956782608
1970-01-01 00:01:15.274455917,-5.864600500304,-12.563320440720002,3.8145296448000003,1.1010092726166667,0.8405407688970833,-0.055235744883333306,1.1693325837829167,34.46416950208333,-17.94642098625
1970-01-01 00:01:15.524455917,-4.230819273692307,-5.33119257423077,2.0594001476442303,0.25633937703913046,-0.10513311497391306,-0.8726673138700001,5.943469462173915,24.623110646956523,-29.81095654043478
1970-01-01 00:01:15.774455917,-5.11329761219577,-11.567241950115385,3.517287685703846,-0.15552846660869568,-0.7699361693786956,0.08750826465043489,-5.167522181713043,29.012041671739123,-25.71003441086956
1970-01-01 00:01:16.024455917,-3.0485125855200006,-6.91003251344,1.8583734925120001,-0.8848131227575,-0.18707400405166666,1.1677690428083334,0.13404309746291662,29.379504839166668,-25.75551549541667
1970-01-01 00:01:16.274455917,-4.902040769420385,-11.370804291846154,5.04197669408077,0.9389484058652172,0.626900249358261,-0.23849914918521728,1.154427611270435,33.832997363913044,-19.41065008782609
1970-01-01 00:01:16.524455917,-4.333865679972,-6.408707025160001,1.6203205261192,0.37524982884333324,0.25553578758583334,-1.3999967450666666,3.6832919518125,25.364345708750005,-29.552222569166663
1970-01-01 00:01:16.774455917,-4.456400175961539,-10.24847856373077,3.6798899372307696,0.019573959626086965,-0.526596086796087,0.2804905374434782,-7.313978900173911,28.627058443913043,-25.687372124782616
1970-01-01 00:01:17.024455917,-4.010166584923077,-7.306300700269231,2.4897034042307693,-0.9480417180608695,0.17014357661482607,1.0660971522826086,0.6326164370391304,29.082459739130428,-26.026451690434783
1970-01-01 00:01:17.274455917,-4.986999480904,-10.921319000839999,4.212366338916,0.33140856222916665,-0.21486691812708333,-0.29335348571625003,0.69754211098375,34.474851927083336,-18.446482856666666
1970-01-01 00:01:17.524455917,-4.066374699538462,-6.223763386653847,1.7753600428308849,0.6962569009765218,0.2698221006052175,-1.1525713438652174,-1.1018752015978261,27.663162148695655,-27.59164553130435
1970-01-01 00:01:17.774455917,-4.214808337961538,-12.127509560076923,4.712350616423077,-0.12809701832916665,-0.7346775038912501,0.30611417315208334,-10.454587103,28.561184961666665,-24.58911720916667
1970-01-01 00:01:18.024455917,-2.95978309938,-6.137572851600001,1.9980689941400005,-0.6159575510443477,0.5666413809678261,0.8399882377695652,-1.9018992547954519,29.796638986521742,-25.242475758260866
1970-01-01 00:01:18.274455917,-6.149488995,-9.869984875807692,4.5330465581538455,0.3626534258639131,-0.12374606484695652,0.14084455387130432,1.8040933193913045,33.2756703421739,-20.59447487608696
1970-01-01 00:01:18.524455917,-3.4224290223,-6.007750817760001,2.44565623156,0.2054104060441667,-0.47013569234666663,-1.1917613894416668,-2.4987156191916666,28.73049354708333,-26.28150868375
1970-01-01 00:01:18.774455917,-5.227803725992307,-12.53991350053846,4.734838468115385,-0.00963878054347822,-0.3584148508191303,0.3785546072260869,-4.286726516260869,27.87107426130435,-27.35132988652174
1970-01-01 00:01:19.024455917,-2.142022564188461,-5.919095024769232,2.1122517806500003,-0.6073608840958333,0.05818314719541665,0.8518688592083333,3.429053763566667,26.58873057291667,-28.862927675416667
1970-01-01 00:01:19.274455917,-5.83623748156,-10.502813287039999,4.85471057736,0.2992038341043478,0.5182332620606521,0.005906352456652159,6.561897174260871,31.161010825217396,-23.247599062608696
1970-01-01 00:01:19.524455917,-3.414250030515384,-5.86041704626923,2.051409072923077,0.4317609725673913,-0.45882525461695656,-1.0639958537652174,6.438435077569566,26.227326766956526,-28.598838639565223
1970-01-01 00:01:19.774455917,-4.986534295115385,-12.685704556423078,4.040967917846154,-0.08748248717499997,-0.2831259089804167,0.11698911280833334,-5.319411416916667,28.501355091666667,-26.708344538749998
1970-01-01 00:01:20.024455917,-2.3393473022799998,-6.0727995484,1.8871556396439997,-0.640869792056087,0.12491653268695653,1.0266606574086956,1.877054338874348,27.887495206956523,-27.707309141739128
1970-01-01 00:01:20.274455917,-5.2629748183576925,-11.647492376346158,5.00307489848077,0.34496423045833335,0.23853014605791667,-0.20417612664541662,3.0597968300208334,33.463460605,-20.51045370125
1970-01-01 00:01:20.524455917,-4.49166154168,-5.86016372684,1.213502508476,0.8774740743208695,0.6857507595130435,-0.7290779497791303,6.741289118086956,25.245496502173914,-29.46246031086957
1970-01-01 00:01:20.774455917,-4.294045486330769,-12.199129856230769,3.354570289015385,-0.5413128452173913,-1.1506359610043477,-0.4463221359478261,-3.4933727513173913,28.507882076956523,-26.55469056826087
1970-01-01 00:01:21.024455917,-2.900489554876923,-6.441548960692307,2.7127108118884613,-0.13835424399916665,-0.12551758407625,1.4633555188708334,-0.23005523279166673,28.267220338749997,-27.347378810833334
1970-01-01 00:01:21.274455917,-6.43296258564,-10.05627387036,4.01381921992,-1.0290047849869566,0.22324810986217383,-0.6200413690869565,3.6918586648478255,33.44801794956521,-20.094322038695655
1970-01-01 00:01:21.524455917,-3.2219230533192307,-8.282662653192306,2.1315501109807693,1.6452940281166668,0.7899980981999999,-0.27341851654375,2.8426466783124997,31.225157022916665,-23.4459265075
1970-01-01 00:01:21.774455917,-4.301161457961539,-9.274747678230769,2.063838993961539,-0.5975295542001738,-1.0744262053969564,-0.9392250484695651,-1.5280330284347825,27.817911810869568,-27.51789814434783
1970-01-01 00:01:22.024455917,-4.39856114512,-9.023026519840002,3.2533346558,0.44586668853878697,0.1303857398095652,1.428657439721739,-5.01745868773913,29.146060943043484,-25.864344057826088
1970-01-01 00:01:22.274455917,-4.07866644653077,-8.016314603653846,3.6348796904230762,-1.2043816019770832,0.17894306772333335,-0.09472023372791667,3.1634035506666667,32.31783302625,-22.015474241666666
1970-01-01 00:01:22.524455917,-4.3005689205,-9.7969291806,2.7081803101760005,1.7829185879434784,0.9215261106173911,-0.32084632555086956,1.7990720996782605,31.762009329565213,-22.668422948695653
1970-01-01 00:01:22.774455917,-4.296601709192308,-6.7075573319999995,2.6282460726538455,-0.38897033193708336,-0.8810454967375,-1.0819153459473334,1.3579228222333335,25.944242874583335,-29.193096717499998
1970-01-01 00:01:23.024455917,-4.0836234457230765,-11.210320710846153,2.897288519046154,0.35891636910913044,0.44321747983478266,0.8075118245782612,-7.079065551165217,28.73365692478261,-25.86958453913044
1970-01-01 00:01:23.274455917,-3.0196406250344,-7.88670950352,1.921236767624,-1.127002580126087,-0.11247107084086962,-0.2475335677743478,0.5079011296364347,30.55862949130436,-24.73629793782608
1970-01-01 00:01:23.524455917,-3.8563383952076933,-10.749256421230768,4.804386150196153,1.0220312359149168,-0.13151996828333332,0.27689017261916665,-1.7840134103525003,32.97019934625,-21.282743453333335
1970-01-01 00:01:23.774455917,-3.5668979821153846,-5.853571666038461,2.168655642,-0.16586233546304352,-0.5476994904960869,-1.2979130640999998,-2.5729507157956526,27.17225804565217,-28.226580329565216
1970-01-01 00:01:24.024455917,-4.5450465270604,-13.643420361360002,2.9881820435267996,0.3158791617666667,-0.10550129453124997,0.98858757225,-12.772978405416668,29.362096549166665,-22.76221561458333
1970-01-01 00:01:24.274455917,-1.5479368180996151,-6.840538488461538,2.0540401400076926,-1.251590150983,-0.5631171455447826,0.8148654722700001,-2.9855871407391303,31.797158862608693,-22.851454692608694
1970-01-01 00:01:24.524455917,-4.31419589118077,-11.860320950923077,4.459399707363461,0.5179154613826086,0.7202316681795652,-0.1579699161199565,-3.989135037391304,36.48015411956522,-14.252343799565217
1970-01-01 00:01:24.774455917,-3.6322806335199997,-6.057800738519998,1.3495635680938,0.80616820294125,0.022819039733333324,-0.9358608485866666,-1.2547222375975002,29.75212335625,-25.584229867083334
1970-01-01 00:01:25.024455917,-4.746324198775,-12.554945702115383,3.848819415788846,-0.07204177003478258,-0.42528639845304356,0.189461100087826,-12.200186584608696,29.259303466521743,-23.35928344782609
1970-01-01 00:01:25.274455917,-2.0985819762679996,-6.17970723272,2.0901934204400003,-0.8564467451733334,-0.32788860357666666,0.9062671698458334,-5.130299766916667,31.201904852916666,-23.39622370416667
1970-01-01 00:01:25.524455917,-3.6420532344230776,-11.304733992461538,5.303246841384615,0.1916573255026087,0.49644028693782616,-0.2226006825932609,-5.467555046043477,35.9963513252174,-15.052130697826087
1970-01-01 00:01:25.774455917,-3.6887791443076923,-7.099603605961538,1.4500173657134618,0.8941849211404346,0.6617529954516522,-0.8458415535386956,-2.3970961985217385,30.50349600391305,-24.715888313913034
1970-01-01 00:01:26.024455917,-4.69144808348,-12.223688708400003,1.7129059936644,-0.5046300422212499,-0.8581504809583332,-0.44238917059124994,-12.722881852750001,29.859276453333337,-22.005163430833335
1970-01-01 00:01:26.274455917,-2.036561103242308,-7.204120876653845,2.54495581415,-0.24927115949434783,-0.3812204088121739,1.435165343173913,-9.576655760869565,31.552565118695647,-21.31287185
1970-01-01 00:01:26.524455917,-4.281074382884615,-11.22499020496154,4.872258470846154,-0.5625254499416666,-0.44989018371333334,-0.18805576613533334,-6.319911042875,36.81368271541667,-12.310001731
1970-01-01 00:01:26.774455917,-3.5592026001592,-7.378246856480001,1.517274810772,1.3852283384043478,1.1288434363698259,-0.1793831018530435,-4.9992314421304345,33.4679421973913,-19.705296681304347
1970-01-01 00:01:27.024455917,-3.6012112425976923,-10.557096405115384,2.1636813707115383,-1.0972283707686956,-1.489140160686957,-0.9427344131091304,-12.741543064565217,31.687769433478262,-18.43340197913043
1970-01-01 00:01:27.274455917,-3.527336865112,-8.30753239704,2.4710135009720005,0.50798302367125,0.27685936912833325,1.5006301164229168,-12.285972357291667,33.10965077166667,-16.914239885
1970-01-01 00:01:27.524455917,-3.9988075136153842,-10.027267420923076,4.029925496188461,-1.0139381949956525,-0.1078847814786956,-0.40146205508521743,-5.512013352521739,37.27482488739131,-10.96175544226087
1970-01-01 00:01:27.774455917,-3.2167127345807693,-8.33777113076923,2.5084835815692306,1.4760000789083332,1.25163484585,-0.16404979807499998,-7.29756619525,34.72523641458333,-16.167307058541667
1970-01-01 00:01:28.024455917,-2.17028287348,-8.66446814604,2.6130920470520005,-0.7051797473065217,-0.8800357606086955,-1.464608934882609,-11.47275872869565,31.090869157391303,-20.710905904347825
1970-01-01 00:01:28.274455917,-4.931995785207691,-10.829086567346154,0.6766333183461538,0.35046073416521745,-0.04400310576899999,1.4464591067695651,-15.978317966086959,31.59381650956522,-17.030014784782608
1970-01-01 00:01:28.524455917,-2.4981780886764997,-8.924573945076926,2.0212870964038463,-1.2130170687625002,0.011843650990416657,0.23408594973416663,-6.714333216333333,36.875065962916665,-11.75176014579167
1970-01-01 00:01:28.774455917,-3.9161323606324006,-10.329300108559998,4.005909667548,1.699568002165217,0.8868531493652173,-0.043499553295652166,-7.304106422173914,35.99020319434782,-13.213333296173914
1970-01-01 00:01:29.024455917,-3.222245459970384,-6.555375718346155,2.5872428776923084,-0.6217948185829166,-1.4400064325925,-1.0896414642333332,-9.924071212666666,31.527090232083335,-20.739016453749997
1970-01-01 00:01:29.274455917,-5.317116077538461,-11.93422687823077,1.6115487670846151,0.36412986748000004,-0.0003591020695652232,0.7447453834713044,-19.74060763478261,31.990388206086955,-11.604009876869567
1970-01-01 00:01:29.524455917,-1.607944262724,-8.01671715124,2.176222522012,-0.891738153635,-0.24299939906666665,0.9943289784666666,-8.354185501625,36.70226685208333,-11.102421382958333
1970-01-01 00:01:29.774455917,-4.5487869030384624,-11.597502101076921,4.597355135591154,0.7640742918782609,0.7855526132343478,-0.2869111357565219,-9.193977604565218,37.901319753043474,-5.166165248347826
1970-01-01 00:01:30.024455917,-3.78436437368,-6.1570982483200005,1.596531994644,0.38945514115956514,-0.12791513818782604,-0.7117918060608696,-7.16630079426087,34.15912959956522,-18.17984846304348
1970-01-01 00:01:30.274455917,-4.0997955849638466,-12.851087563730772,0.9193420645473077,-0.5488570269033334,-0.420650365525,-0.58932053112,-20.1488645875,32.31061720833333,-9.077811261625
1970-01-01 00:01:30.524455917,-2.0249026548153846,-7.726125746461538,2.8645757763076927,-0.08552303052434784,-0.7162954386173913,1.7677059847391303,-13.473317436173913,35.06229956260869,-11.118478235695653
1970-01-01 00:01:30.774455917,-5.103906372080001,-10.33443143956,4.49566721192,-0.16705894309462502,0.6000906017654166,-0.12019049153416668,-7.270806988083333,38.42335637541667,-4.871509512333334
1970-01-01 00:01:31.024455917,-3.5885683029615385,-6.552646777961538,2.093955213119231,0.8456612381821738,0.19123748430739132,-0.4864924391234783,-7.406453754521739,36.30153589695652,-13.129307373913042
1970-01-01 00:01:31.274455917,-3.5687978772,-12.406673266192307,1.4282088705230769,-0.7582497734095652,0.12952702495652166,-0.9898575229504349,-17.936990240000004,33.588291168695655,-9.404332098608696
1970-01-01 00:01:31.524455917,-3.3079890012780004,-7.80582370624,2.4579366943400003,0.27122596898708334,-0.63743414413875,1.2188175389091667,-17.445117115416664,33.805130480833334,-10.125432014916667
1970-01-01 00:01:31.774455917,-3.744405775730769,-8.7626452925,3.6145623251153847,-0.8350918668913043,0.1412439586721739,0.13937831313913043,-8.724381073652177,37.97414547347826,-5.6626360312608695
1970-01-01 00:01:32.024455917,-4.394826296146154,-8.975876875307693,3.1092535049038466,1.2191496081541666,0.28673589781041664,-0.029018689725833335,-8.053421258875,37.44803969083333,-8.527075607708333
1970-01-01 00:01:32.274455917,-2.392971789528,-8.165435888680001,2.30387107548,-0.44623856473999995,-0.41242294225304355,-1.2750735568913043,-12.369383293521738,33.361065741304344,-15.442434145217396
1970-01-01 00:01:32.524455917,-4.359447942909616,-11.209008055999998,1.8835619589034613,0.2331298998752174,0.013429177003913053,0.7028998272956521,-4.423683985434783,30.424869951739133,-24.70635364391304
1970-01-01 00:01:32.774455917,-3.6719046195769236,-7.609345515076923,1.9670019061538464,-1.1636117628583333,0.41425878778291664,0.7257923361983334,3.6857916713666667,32.341194789583334,-21.815214315833334
1970-01-01 00:01:33.024455917,-3.9499799743812,-11.367816504480002,3.5556759338728,1.1998536879595652,0.1259756606956522,-0.39263687031869565,3.927108246347826,34.32276336173914,-18.585013348695654
1970-01-01 00:01:33.274455917,-3.580807518538461,-5.536047345692307,2.6342336214346154,0.10289326445375002,-0.6919523682862501,-1.0478820750416666,1.0717589407916666,28.416226626666667,-27.02767403916667
1970-01-01 00:01:33.524455917,-4.8428731934,-13.72883274504,1.664796038884,0.001087025454782615,0.07635396262608697,0.24106905508391305,-7.415567563913044,30.034224468260867,-24.460507434347825
1970-01-01 00:01:33.774455917,-1.6370016068307693,-6.947686826230769,2.616478236192308,-0.731985940878261,-0.37908164088217394,1.252470917017391,-1.203917067947826,31.946260866521744,-22.901316518695648
1970-01-01 00:01:34.024455917,-4.362435959826923,-11.267334841230767,4.6046495817307695,0.3848110617833333,-0.024495048758333336,-0.08122990863166664,1.34785018365,35.17426554375,-17.690208554583336
1970-01-01 00:01:34.274455917,-3.8203495421600002,-6.42966344604,2.377122747836,0.4225383484504349,0.24218212680565224,-1.276614811021739,0.7735891238086955,30.076801051304354,-25.462839292173907
1970-01-01 00:01:34.524455917,-4.069034552884616,-12.800112798384616,0.8129018694615385,-0.37280366601875,-0.15306761739166666,-0.2857162085286667,-2.726020077841667,30.64083011958333,-24.802431900416668
1970-01-01 00:01:34.774455917,-2.3595605761846152,-7.477602169384615,3.026452613269231,-0.17828515543782608,-0.46823947036086955,1.7730015308695655,3.3760666173956526,29.28578600652174,-26.144888006956524
1970-01-01 00:01:35.024455917,-5.842045404319999,-9.814203259,4.523736841080001,-0.2914849642652174,0.06477899226086953,0.11731342652608698,10.395353483304346,31.416823925652178,-21.487893643043478
1970-01-01 00:01:35.274455917,-3.765402497523077,-7.149317533038462,2.446460635823077,1.2260236301620833,0.7884708196458333,-0.7643148051041666,10.669566989625002,27.01603682833333,-26.663504042916667
1970-01-01 00:01:35.524455917,-3.2544688356034617,-9.869443693884616,1.4725109745053848,-1.1652835478,-1.521181981239131,-1.2751722880173915,-0.3189592828695653,28.934198628695643,-25.91830477521739
1970-01-01 00:01:35.774455917,-4.744425915484,-10.40191710196,2.40507262566,0.6348819095266666,0.4494810380625,1.6241357643166665,-3.1509390076579167,31.123239596666668,-23.731302736666663
1970-01-01 00:01:36.024455917,-3.431959357653846,-7.613277722846154,2.4278128755384616,-1.1681252847869565,0.27459274674565215,0.36829634847,8.208167014,30.960055890434774,-22.93415956869565
1970-01-01 00:01:36.274455917,-4.255650329608462,-10.2973519315,3.3285647524759616,1.2295112467826086,0.44653009950130435,-0.3202013882276956,9.038268421086956,32.49896572043478,-20.27447584478261
1970-01-01 00:01:36.524455917,-3.76968889172,-6.29953604716,2.56323971556,-0.04092349610291668,-0.7729346416916667,-1.2905817137208333,4.999745150220834,28.490509191666664,-26.479140044166666
1970-01-01 00:01:36.774455917,-5.115036304153847,-12.735925122576926,1.5877367459538463,0.14110552545173913,0.05139792781608699,0.34263662866956524,-4.736795114391304,31.16084886608696,-23.810766717826088
1970-01-01 00:01:37.024455917,-1.304345599392,-7.79789619148,1.72618637698,-0.6433453032416666,0.67887406550875,-0.06183193505833334,2.7448159455999996,30.2487837475,-25.187587976249997
1970-01-01 00:01:37.274455917,-2.6489031160961543,-11.21166215226923,4.273693577623077,0.6580844321043477,-0.005489981015936079,0.20722035771478256,2.5827645374347825,33.206525802173914,-21.15053831913043
1970-01-01 00:01:37.524455917,-2.687200399526923,-6.880672337423078,2.2299243868523075,0.031167872327826127,-0.25755490741739134,-1.4320890463434781,0.8909075985652176,29.509587577826096,-26.10673066782608
1970-01-01 00:01:37.774455917,-3.040567108128,-13.40906171296,0.35753450319999996,0.33510554811208326,-0.5644658966723334,0.8256761965624998,-9.060532450458334,30.34841481875,-23.58631865166667
1970-01-01 00:01:38.024455917,-1.3458340160846154,-7.628453856230769,1.8729743605346154,-0.9687569031043479,-0.06299209918260873,1.186540641197826,-0.2458327231521741,31.74956678347826,-23.290134264347824
1970-01-01 00:01:38.274455917,-2.711876009515385,-12.058825466076923,4.629129445196154,0.86977284035,0.6580750460104167,-0.43863377407679166,1.2963945568416668,34.500928164583335,-18.874497970833332
1970-01-01 00:01:38.524455917,-2.816917190681818,0.059331165681818086,5.473075499209091,1.2537659472,0.7038792809666666,-0.7042300833777777,3.614751789333333,29.275362437777783,-26.29168785888889
1970-01-01 00:01:38.774455917,-1.1698806821307692,4.902230758653847,8.683373600923076,-0.4460464855133333,-0.5481753607600001,-0.13553788587933333,,,
1970-01-01 00:01:39.024455917,-0.3691802856716,3.82482224132,9.06416696776,-0.5069434159743479,-0.3098537570914956,-0.3950574492043479,-20.647934596111114,-17.32330195055555,-33.60502327777777
1970-01-01 00:01:39.274455917,0.04035838198461538,3.506999464807693,10.309355815615383,0.069573387825,-0.61429453672,-1.3919018903958333,-20.399367649583336,-19.451729456250003,-32.51819332416667
1970-01-01 00:01:39.524455917,-0.37670663453239994,2.91585245364,9.4110975218,0.12435160548586956,-0.6369493163043478,-1.1583403194347826,-18.395405561304347,-26.76109065217392,-28.241881826956522
1970-01-01 00:01:39.774455917,0.1708984609659231,2.1121193635384614,9.798491239884614,-0.18539884019333333,-0.6612328577083333,-1.1814012403708334,-13.919910747916667,-31.748163938333334,-25.541941405
1970-01-01 00:01:40.024455917,0.5397660123423077,2.031402599615385,9.858136438115384,0.2109963227743479,-0.428078444747826,-0.9251399506739131,-8.361621276217393,-34.46045983173913,-24.41667888391304
1970-01-01 00:01:40.274455917,0.4284809692387999,3.29639111936,9.6167877866,-0.001422500701826088,-0.3660381763367391,-0.9110931210173916,-6.8387572866956505,-40.61146512304348,-23.66906141217391
1970-01-01 00:01:40.524455917,-0.8055728794923078,3.89090497523077,9.34983960076923,-0.05321677331416666,-0.13050179943583334,-0.6711230203541666,-1.0169215661037498,-43.74743811291666,-24.008803685416666
1970-01-01 00:01:40.774455917,-0.811223052972,4.204067596360001,9.227716863960001,0.1765396743226087,-0.15967979168478263,-0.39743431236086957,0.7848579158913043,-45.25493688130435,-23.101111370869567
1970-01-01 00:01:41.024455917,-0.6160842308653846,4.4417594675384615,8.96498989980769,0.19329974491083335,-0.22450122857500002,-0.21836028806666666,3.3919842838750003,-46.44908459999999,-20.371280908333333
1970-01-01 00:01:41.274455917,-0.4848537414616,4.65253500368,8.93240496824,0.056897009361304346,-0.10811796297239133,-0.06814147183008697,4.880276431173912,-47.16538686391304,-18.336721420869562
1970-01-01 00:01:41.524455917,-0.3731912524853846,4.488347203230769,9.17966655426923,-0.36167329028573897,0.04325369567782609,-0.09765250485391302,5.263124279347826,-46.172218322173904,-20.576816309130436
1970-01-01 00:01:41.774455917,-1.277826745696,3.5974390868799997,9.42671903688,-0.1762905413425,0.18901251598958332,-0.18084490161525,5.75448135525,-44.884908835833336,-23.389929452916665
1970-01-01 00:01:42.024455917,-1.160945416926923,3.682284956807692,9.235339244,-0.055013356806521745,-0.13213279620782606,0.08792343339347826,4.5176794735652175,-44.41380426173913,-24.75368449956522
1970-01-01 00:01:42.274455917,-0.9857174976346154,3.520649924615385,9.424908494307692,-0.045416464252541665,-0.03845638535795833,0.009258721475374999,3.708279122875,-44.33284839125,-25.03796752291667
1970-01-01 00:01:42.524455917,-0.993699591048,3.5556340210000004,9.46340474844,0.004956874065086957,-0.08099833231482609,0.002665939497304348,3.739910374652174,-44.44255032826086,-24.837100153478264
1970-01-01 00:01:42.774455917,-0.9652562009461538,3.594613424461538,9.410872298038463,-0.04847555737130436,-0.03794688232601739,-0.050181969855700004,3.833469898826087,-44.63804742652174,-24.469760562173906
1970-01-01 00:01:43.024455917,-0.960702209488,3.6322686584800006,9.38196210932,-0.008449670908283335,-0.12693317004945834,-0.003985232034166666,4.316592256208334,-44.657328605833335,-24.353490829583336
1970-01-01 00:01:43.274455917,-0.7436996225230769,3.750093947153847,9.457149141807692,0.0625025235811739,-0.16478287914434783,-0.023230617117086957,3.7405914639130438,-44.96816552130434,-23.869765405652178
1970-01-01 00:01:43.524455917,-0.6218702756500001,3.7996697000769233,9.366305360153847,0.03854944423892917,-0.03399640406178358,-0.04087850410516666,3.8829975128750003,-45.263050236666665,-23.284115711250006
1970-01-01 00:01:43.774455917,-0.8685777831999999,4.0330452392,9.32972673352,-0.03312691685904348,-0.027049166030869563,-0.022500590160956527,4.686018073043478,-45.54154105826087,-22.583995571739127
1970-01-01 00:01:44.024455917,-0.8684651712423077,3.830039238576923,9.212039618807692,-0.006240135438913041,-0.08864677958557825,0.12335899448852175,4.473259905086956,-45.3461454647826,-23.013958226521737
1970-01-01 00:01:44.274455917,-0.11538006591791998,4.52647913816,9.05591612556,0.3065143161634167,-0.27414068052625,0.2857761035375,1.0651222368312498,-46.44846407625,-21.088726044166666
1970-01-01 00:01:44.524455917,0.2924975175126924,4.740964191192308,8.901838531653846,-0.09224167653830437,0.043850805732826084,-0.10192606154424785,-1.0382016533665217,-47.11261965,-19.620434138695654
1970-01-01 00:01:44.774455917,-0.21561163330320002,4.5660268981600005,9.12511422732,0.1410817348375,-0.32379299709291665,-0.0036394762086250005,0.4351689666416667,-46.98635625791667,-19.94857033041667
1970-01-01 00:01:45.024455917,1.1588555320769232,5.449458177923077,8.299514148461538,0.17687600056478262,-0.29801707208082606,0.041641086076513026,-2.0714939573478257,-48.53369721173913,-15.656266502608698
1970-01-01 00:01:45.274455917,0.7014989177615385,4.974616769692307,8.733133586115384,-0.4637553989956521,0.3036111057117391,-0.07915129202778261,-0.9028779423591307,-47.85680322999999,-17.65237692130435
1970-01-01 00:01:45.524455917,0.15244898070920002,4.46890286872,9.09911030276,-0.10451671124066668,0.10974619909875,-0.014284090510091668,1.1446868727291666,-46.586372692500014,-20.837068637083334
1970-01-01 00:01:45.774455917,-0.1257039818511154,4.343195202153845,9.1314034565,-0.030070971291695642,-0.004343271905217398,0.035638298353695655,2.3876764980869565,-46.444179865652174,-21.053514065217385
1970-01-01 00:01:46.024455917,0.11945159912879999,4.5015469848,8.928572937000002,0.010795105637916665,-0.18439462128666664,0.08588017577041666,1.5174910227374998,-46.843212126666664,-20.225911219583335
1970-01-01 00:01:46.274455917,0.25341724689884615,4.460867808461539,9.117931471653845,-0.05085578572826087,0.03911010087965217,-0.029016607229013048,0.9246804299304346,-46.771705461739145,-20.432625314347828
1970-01-01 00:01:46.524455917,0.16089234571923078,4.421695421653846,9.116733961884616,-0.011223363260416667,-0.06901285025579167,0.008126856313141667,1.449739332,-46.66177415875,-20.65420563875
1970-01-01 00:01:46.774455917,0.2533331909176,4.54748345948,8.89771909792,-0.02892030792173913,-0.0027136114699999963,0.021760479106995658,1.391430206869565,-47.02449765391305,-19.817490535652176
1970-01-01 00:01:47.024455917,-0.031647649915423084,4.397785527230769,9.127010668230769,-0.06981173043473914,0.05148419726178262,-0.040710157966652165,2.190686288,-46.59728788260868,-20.730675822173914
1970-01-01 00:01:47.274455917,-0.19454743652019998,4.81838411868,8.73084611216,0.463000327355,0.08734203351708335,-0.046657590050833336,2.9773389697083332,-47.518297513333344,-18.286304553333334
1970-01-01 00:01:47.524455917,-0.634639874973077,5.67711169323077,8.366528637192307,0.2874273362952174,0.1384747167262174,0.013546080297478261,4.136590346086956,-49.060741756956524,-13.446635122608692
1970-01-01 00:01:47.774455917,-0.7476030437769231,5.996052298846154,8.073599325384617,-0.14494943328295834,0.04748929226325,0.0035612789609583326,4.242844601375,-49.593521117083334,-11.326059817916665
1970-01-01 00:01:48.024455917,-0.7719507202439999,5.70363722532,7.802668267640001,0.2662353068560869,0.2482420430439131,-0.28153484823565217,6.025616272652173,-49.16033753130435,-12.24228543830435
1970-01-01 00:01:48.274455917,-2.3745755063461536,6.611739278846154,7.528398460961538,0.3376525951521739,0.16931767049391303,-0.25924894942347826,9.761018753130434,-50.47274481869565,-7.36051294073913
1970-01-01 00:01:48.524455917,-2.25341400148,6.6082600525199995,7.044333233600001,-0.5863152754795834,-0.29644090263375,0.00021470309083333346,8.807805935583334,-51.86438894291666,-10.200384935333334
1970-01-01 00:01:48.774455917,-1.5302562771923078,5.03397410473077,8.517858176461537,-0.5223938679395651,-0.39155732095217394,-0.1411029442965217,7.761875940391305,-48.89809998217391,-20.570668925652175
1970-01-01 00:01:49.024455917,-1.6981667211538463,5.008561565769231,8.40111824623077,-0.33806205416666674,-0.25181541623333337,-0.14934733592,9.041788578083333,-46.995489915,-24.239314793749998
1970-01-01 00:01:49.274455917,-0.6304290161192,4.7485094238,9.233177508879999,0.06240276071608695,-0.43254749030739126,0.15286809908391305,6.189558941391305,-45.55724649782609,-27.610242594782612
1970-01-01 00:01:49.524455917,-1.5933731021115383,3.2830996822307696,7.574295325692308,0.08095144286043478,-0.5447328709417391,0.6210889660739131,-0.36915369652173924,-46.877378713043484,-25.88452082130435
1970-01-01 00:01:49.774455917,-0.6210944275056,2.3901756042071995,5.8096407897999995,-0.9489069891033332,0.26461122006666665,0.39753033515375,-5.54224271575,-42.43566115708333,-29.274956306250004
1970-01-01 00:01:50.024455917,1.3491559541738463,-3.5601389605384615,9.483649802769232,-2.0605727434478256,-0.08482299057739132,0.0933918711967391,-7.077967726652175,-31.98002135304348,-35.932704345652176
1970-01-01 00:01:50.274455917,1.8652250906500003,-6.2135212238076925,13.877387977692308,-0.6287842839941667,0.27198965024750005,0.148487838056125,-7.862173060458333,-12.51919372925,-43.27212858250001
1970-01-01 00:01:50.524455917,0.7421207519752001,-6.78125231332,11.06778641928,-1.1261942141478263,0.20971455112086962,-0.7638855602043478,-3.033189431608696,-2.5435349008865216,-43.43216871173912
1970-01-01 00:01:50.774455917,0.3740721130538462,-6.566061190153847,7.4476068525769215,0.10815875175913044,0.045133968738173914,0.23486232741347826,-1.500299661130435,7.736420507086955,-39.972647791739135
1970-01-01 00:01:51.024455917,0.3730012629538461,-5.913378067,7.429108781076922,0.22701840888129166,0.06055680744745834,0.30580482596624997,-0.3604397028583333,5.277230580583334,-40.38918813083333
1970-01-01 00:01:51.274455917,-0.6925318725431441,-5.69464392704,8.65954039304,0.2850892389920869,-0.02793449021478261,0.1502046045821739,0.001203298560173906,3.206704595913043,-40.61302649565217
